FILE_NAME,LINE_INDEX,COLUMN_INDEX,EXCEPTION_TEXT
Premise,1,20,Provided value: '' for HOUSE_TYPE is invalid. Valid values are: [AP HO]
Premise,1,26,Provided value: 'N ' for LS_SL_FLG is invalid. Valid values are: [Y N]
Premise,1,35,Provided value: EffDt'Char_val :>500'EffDate4 or Char Val4 column value is not provided pls provide value for EFFDT AND CHAR VAL BOTH ARE MANDATORY 
Premise,1,39,Provided value: EffDt'Char_val :E'EffDate6 or Char Val6 column value is not provided pls provide value for EFFDT AND CHAR VAL BOTH ARE MANDATORY 
Premise,1,41,Provided value: EffDt'Char_val :S'EffDate7 or Char Val7 column value is not provided pls provide value for EFFDT AND CHAR VAL BOTH ARE MANDATORY 
Premise,1,45,Provided value: EffDt'Char_val :2'EffDate9 or Char Val9 column value is not provided pls provide value for EFFDT AND CHAR VAL BOTH ARE MANDATORY 
Premise,2,20,Provided value: '' for HOUSE_TYPE is invalid. Valid values are: [AP HO]
Premise,2,26,Provided value: 'N ' for LS_SL_FLG is invalid. Valid values are: [Y N]
Premise,2,35,Provided value: EffDt'Char_val :>501'EffDate4 or Char Val4 column value is not provided pls provide value for EFFDT AND CHAR VAL BOTH ARE MANDATORY 
Premise,2,39,Provided value: EffDt'Char_val :E'EffDate6 or Char Val6 column value is not provided pls provide value for EFFDT AND CHAR VAL BOTH ARE MANDATORY 
Premise,2,41,Provided value: EffDt'Char_val :S'EffDate7 or Char Val7 column value is not provided pls provide value for EFFDT AND CHAR VAL BOTH ARE MANDATORY 
Premise,2,45,Provided value: EffDt'Char_val :3'EffDate9 or Char Val9 column value is not provided pls provide value for EFFDT AND CHAR VAL BOTH ARE MANDATORY 
